cat_id,cum_mean,mean,max
11111.0,50.00000000000001,6.5,27.0
22222.0,104.80000000000001,16.0,69.4
33333.0,76.59999999999998,9.3,19.4
44444.0,58.2,8.6,36.1
55555.0,76.60000000000001,11.2,35.8
66666.0,114.0,8.4,34.9
77777.0,106.60000000000004,10.2,69.4
